{
  "swagger": "2.0",
  "info": {
    "title": "bx_block_chat",
    "version": "1.0.0",
    "description": "Chat block API"
  },
  "host": "locahost:3000",
  "basePath": "/",
  "paths": {
    "/chat/chats/add_user": {
      "post": {
        "summary": "Add users/accounts to chat",
        "tags": [
          "AddUsers"
        ],
        "consumes": [
          "application/json"
        ],
        "parameters": [
          {
            "name": "body",
            "in": "body",
            "schema": {
              "type": "object",
              "properties": {
                "accounts_id": {
                  "type": "array",
                  "items": {
                    "type": "integer",
                    "example": [
                      1,
                      3
                    ]
                  }
                },
                "chat_id": {
                  "type": "integer"
                }
              },
              "required": [
                "accounts_id",
                "chat_id"
              ]
            }
          },
          {
            "name": "token",
            "in": "header",
            "type": "string",
            "default": "{{bx_blocks_api_token}}"
          }
        ],
        "responses": {
          "201": {
            "description": "Add users/accounts to chat"
          }
        }
      }
    },
    "/chat/chats": {
      "post": {
        "summary": "Create a chat room",
        "tags": [
          "Chats"
        ],
        "parameters": [
          {
            "name": "token",
            "in": "header",
            "type": "string",
            "default": "{{bx_blocks_api_token}}"
          },
          {
            "name": "chat",
            "in": "body",
            "schema": {
              "type": "object",
              "properties": {
                "name": {
                  "type": "string"
                }
              }
            }
          }
        ],
        "responses": {
          "201": {
            "description": "success",
            "schema": {
              "type": "object",
              "properties": {
                "data": {
                  "type": "object",
                  "properties": {
                    "id": {
                      "type": "string"
                    },
                    "type": {
                      "type": "string"
                    },
                    "attributes": {
                      "type": "object",
                      "properties": {
                        "id": {
                          "type": "integer"
                        },
                        "name": {
                          "type": "string"
                        }
                      }
                    },
                    "relationships": {
                      "type": "object",
                      "properties": {
                        "accounts": {
                          "type": "object",
                          "properties": {
                            "data": {
                              "type": "array",
                              "items": {
                                "properties": {
                                  "id": {
                                    "type": "integer"
                                  },
                                  "type": {
                                    "type": "string"
                                  }
                                }
                              }
                            }
                          }
                        }
                      }
                    }
                  }
                }
              }
            }
          },
          "400": {
            "description": "unauthorized"
          }
        }
      },
      "get": {
        "summary": "List of Chats",
        "tags": [
          "Chats"
        ],
        "parameters": [
          {
            "name": "token",
            "in": "header",
            "type": "string",
            "default": "{{bx_blocks_api_token}}"
          }
        ],
        "responses": {
          "200": {
            "description": "success",
            "schema": {
              "type": "object",
              "properties": {
                "data": {
                  "type": "array",
                  "items": {
                    "type": "object",
                    "properties": {
                      "id": {
                        "type": "string"
                      },
                      "type": {
                        "type": "string"
                      },
                      "attributes": {
                        "type": "object",
                        "properties": {
                          "id": {
                            "type": "integer"
                          },
                          "name": {
                            "type": "string"
                          }
                        }
                      },
                      "relationships": {
                        "type": "object",
                        "properties": {
                          "accounts": {
                            "type": "object",
                            "properties": {
                              "data": {
                                "type": "array",
                                "items": {
                                  "properties": {
                                    "id": {
                                      "type": "integer"
                                    },
                                    "type": {
                                      "type": "string"
                                    }
                                  }
                                }
                              }
                            }
                          }
                        }
                      }
                    }
                  }
                }
              }
            }
          },
          "400": {
            "description": "unauthorized"
          }
        }
      }
    },
    "/chat/chats/{id}": {
      "get": {
        "summary": "Show Chat",
        "tags": [
          "Chats"
        ],
        "parameters": [
          {
            "name": "token",
            "in": "header",
            "type": "string",
            "default": "{{bx_blocks_api_token}}"
          },
          {
            "name": "id",
            "in": "path",
            "type": "integer",
            "required": true
          }
        ],
        "responses": {
          "200": {
            "description": "success",
            "schema": {
              "type": "object",
              "properties": {
                "data": {
                  "type": "array",
                  "items": {
                    "type": "object",
                    "properties": {
                      "id": {
                        "type": "string"
                      },
                      "type": {
                        "type": "string"
                      },
                      "attributes": {
                        "type": "object",
                        "properties": {
                          "id": {
                            "type": "integer"
                          },
                          "name": {
                            "type": "string"
                          }
                        }
                      },
                      "relationships": {
                        "type": "object",
                        "properties": {
                          "accounts": {
                            "type": "object",
                            "properties": {
                              "data": {
                                "type": "array",
                                "items": {
                                  "properties": {
                                    "id": {
                                      "type": "integer"
                                    },
                                    "type": {
                                      "type": "string"
                                    }
                                  }
                                }
                              }
                            }
                          }
                        }
                      }
                    }
                  }
                }
              }
            }
          },
          "400": {
            "description": "unauthorized"
          }
        }
      }
    },
    "/chat/chats/read_messages": {
      "put": {
        "summary": "Read a chat Messages",
        "tags": [
          "Chats"
        ],
        "parameters": [
          {
            "name": "token",
            "in": "header",
            "type": "string",
            "default": "{{bx_blocks_api_token}}"
          },
          {
            "name": "params1",
            "in": "body",
            "schema": {
              "type": "object",
              "properties": {
                "chat_id": {
                  "type": "integer"
                }
              }
            }
          }
        ],
        "responses": {
          "200": {
            "description": "success",
            "schema": {
              "type": "object",
              "properties": {
                "message": {
                  "type": "string"
                }
              }
            }
          },
          "400": {
            "description": "unauthorized"
          }
        }
      }
    },
    "/chat/chats/history": {
      "get": {
        "summary": "Get chat history",
        "tags": [
          "Chats"
        ],
        "parameters": [
          {
            "name": "token",
            "in": "header",
            "type": "string",
            "default": "{{bx_blocks_api_token}}"
          },
          {
            "name": "receiver_id",
            "in": "query",
            "type": "integer"
          }
        ],
        "responses": {
          "200": {
            "description": "success",
            "schema": {
              "type": "object",
              "properties": {
                "receiver_id": {
                  "type": "integer"
                }
              }
            }
          },
          "400": {
            "description": "unauthorized"
          }
        }
      }
    },
    "/chat/chats/search_messages": {
      "get": {
        "summary": "Search a message record",
        "tags": [
          "Chats"
        ],
        "parameters": [
          {
            "name": "token",
            "in": "header",
            "type": "string",
            "default": "{{bx_blocks_api_token}}"
          },
          {
            "name": "query",
            "in": "query",
            "schema": {
              "type": "object",
              "properties": {
                "query": {
                  "type": "object",
                  "properties": {
                    "name": {
                      "type": "string"
                    }
                  }
                }
              }
            }
          }
        ],
        "responses": {
          "200": {
            "description": "success",
            "schema": {
              "type": "object",
              "properties": {
                "data": {
                  "type": "object",
                  "properties": {
                    "id": {
                      "type": "string"
                    },
                    "type": {
                      "type": "string"
                    },
                    "attributes": {
                      "type": "object",
                      "properties": {
                        "id": {
                          "type": "integer"
                        },
                        "name": {
                          "type": "string"
                        }
                      }
                    },
                    "relationships": {
                      "type": "object",
                      "properties": {
                        "accounts": {
                          "type": "object",
                          "properties": {
                            "data": {
                              "type": "array",
                              "items": {
                                "properties": {
                                  "id": {
                                    "type": "integer"
                                  },
                                  "type": {
                                    "type": "string"
                                  }
                                }
                              }
                            }
                          }
                        }
                      }
                    }
                  }
                }
              }
            }
          },
          "400": {
            "description": "unauthorized"
          }
        }
      }
    },
    "/chat/chats/search": {
      "get": {
        "summary": "Search a chat group",
        "tags": [
          "Chats"
        ],
        "parameters": [
          {
            "name": "token",
            "in": "header",
            "type": "string",
            "default": "{{bx_blocks_api_token}}"
          },
          {
            "name": "query",
            "in": "query",
            "schema": {
              "type": "object",
              "properties": {
                "query": {
                  "type": "object",
                  "properties": {
                    "name": {
                      "type": "string"
                    }
                  }
                }
              }
            }
          }
        ],
        "responses": {
          "200": {
            "description": "success",
            "schema": {
              "type": "object",
              "properties": {
                "data": {
                  "type": "array",
                  "items": {
                    "id": {
                      "type": "string"
                    },
                    "type": {
                      "type": "string"
                    },
                    "attributes": {
                      "type": "object",
                      "properties": {
                        "id": {
                          "type": "integer"
                        },
                        "name": {
                          "type": "string"
                        }
                      }
                    },
                    "relationships": {
                      "type": "object",
                      "properties": {
                        "accounts": {
                          "type": "object",
                          "properties": {
                            "data": {
                              "type": "array",
                              "items": {
                                "properties": {
                                  "id": {
                                    "type": "integer"
                                  },
                                  "type": {
                                    "type": "string"
                                  }
                                }
                              }
                            }
                          }
                        }
                      }
                    }
                  }
                }
              }
            }
          },
          "400": {
            "description": "unauthorized"
          }
        }
      }
    },
    "/chat/chats/leave": {
      "post": {
        "summary": "Leave chat",
        "tags": [
          "LeaveChat"
        ],
        "consumes": [
          "application/json"
        ],
        "parameters": [
          {
            "name": "body",
            "in": "body",
            "schema": {
              "type": "object",
              "properties": {
                "chat_id": {
                  "type": "integer"
                }
              },
              "required": [
                "chat_id"
              ]
            }
          },
          {
            "name": "token",
            "in": "header",
            "type": "string",
            "default": "{{bx_blocks_api_token}}"
          }
        ],
        "responses": {
          "204": {
            "description": "Leave chat"
          }
        }
      }
    },
    "/chat/chats/{chat_id}/messages": {
      "post": {
        "summary": "Send a message",
        "tags": [
          "ChatMessage"
        ],
        "consumes": [
          "multipart/form-data"
        ],
        "parameters": [
          {
            "name": "token",
            "in": "header",
            "type": "string",
            "default": "{{bx_blocks_api_token}}"
          },
          {
            "name": "chat_id",
            "in": "path",
            "type": "string",
            "required": true
          },
          {
            "name": "message[attachments]",
            "description": "attachment",
            "in": "formData",
            "attributes": {
              "schema": {
                "type": "object",
                "properties": {
                  "attachments": {
                    "type": "binary"
                  }
                }
              }
            }
          },
          {
            "name": "message[message]",
            "description": "message",
            "in": "formData",
            "attributes": {
              "schema": {
                "type": "object",
                "properties": {
                  "message": {
                    "type": "string"
                  }
                }
              }
            }
          }
        ],
        "responses": {
          "201": {
            "description": "success",
            "schema": {
              "type": "object",
              "properties": {
                "data": {
                  "type": "object",
                  "properties": {
                    "id": {
                      "type": "string"
                    },
                    "type": {
                      "type": "string"
                    },
                    "attributes": {
                      "type": "object",
                      "properties": {
                        "id": {
                          "type": "integer"
                        },
                        "message": {
                          "type": "string"
                        },
                        "account_id": {
                          "type": "integer"
                        },
                        "chat_id": {
                          "type": "integer"
                        },
                        "created_at": {
                          "type": "string"
                        },
                        "updated_at": {
                          "type": "string"
                        },
                        "attachments": {
                          "type": "array",
                          "items": {
                            "properties": {
                              "id": {
                                "type": "integer"
                              },
                              "url": {
                                "type": "string"
                              }
                            }
                          }
                        }
                      }
                    }
                  }
                }
              }
            }
          },
          "400": {
            "description": "unauthorized"
          }
        }
      }
    }
  },
  "schemes": [
    "http",
    "https"
  ],
  "consumes": [
    "application/json"
  ]
}