{
  "swagger": "2.0",
  "info": {
    "title": "bx_block_stripe_integration",
    "version": "1.0.0",
    "description": "Stripe integration block API"
  },
  "host": "localhost:3000",
  "basePath": "/",
  "paths": {
    "/stripe_integration/payment_methods/create_subscription": {
      "post": {
        "summary": "Create subscription",
        "tags": [
          "PaymentMethods"
        ],
        "consumes": [
          "application/json"
        ],
        "parameters": [
          {
            "name": "body",
            "in": "body",
            "schema": {
              "type": "object",
              "properties": {
                "data": {
                  "type": "object",
                  "properties": {
                    "type": {
                      "type": "string"
                    },
                    "attributes": {
                      "type": "object",
                      "properties": {
                        "email": {
                          "type": "string"
                        },
                        "password": {
                          "type": "string"
                        }
                      }
                    }
                  }
                }
              }
            }
          },
          {
            "name": "token",
            "in": "header",
            "type": "string"
          }
        ],
        "responses": {
          "201": {
            "description": "Create subscription"
          }
        }
      }
    },
    "/stripe_integration/payment_methods/cancel_subscription": {
      "post": {
        "summary": "Cancel subscription",
        "tags": [
          "PaymentMethods"
        ],
        "consumes": [
          "application/json"
        ],
        "parameters": [
          {
            "name": "body",
            "in": "body",
            "schema": {
              "type": "object",
              "properties": {
                "account_id": {
                  "type": "integer"
                }
              }
            }
          },
          {
            "name": "token",
            "in": "header",
            "type": "string"
          }
        ],
        "responses": {
          "201": {
            "description": "Cancel subscription"
          }
        }
      }
    },
    "/stripe_integration/payment_methods/create_customer_card": {
      "post": {
        "summary": "Create customer card",
        "tags": [
          "PaymentMethods"
        ],
        "consumes": [
          "application/json"
        ],
        "parameters": [
          {
            "name": "body",
            "in": "body",
            "schema": {
              "type": "object",
              "properties": {
                "data": {
                  "type": "object",
                  "properties": {
                    "type": {
                      "type": "string"
                    },
                    "attributes": {
                      "type": "object",
                      "properties": {
                        "number": {
                          "type": "string"
                        },
                        "exp_month": {
                          "type": "string"
                        },
                        "exp_year": {
                          "type": "string"
                        },
                        "cvc": {
                          "type": "string"
                        }
                      }
                    }
                  }
                }
              }
            }
          },
          {
            "name": "token",
            "in": "header",
            "type": "string"
          }
        ],
        "responses": {
          "201": {
            "description": "Create customer card"
          }
        }
      }
    },
    "/stripe_integration/payment_methods/create_payments": {
      "post": {
        "summary": "Create payment",
        "tags": [
          "PaymentMethods"
        ],
        "consumes": [
          "application/json"
        ],
        "parameters": [
          {
            "name": "body",
            "in": "body",
            "schema": {
              "type": "object",
              "properties": {
                "data": {
                  "type": "object",
                  "properties": {
                    "type": {
                      "type": "string"
                    },
                    "attributes": {
                      "type": "object",
                      "properties": {
                        "account_id": {
                          "type": "integer"
                        },
                        "ammount": {
                          "type": "integer"
                        }
                      }
                    }
                  }
                }
              }
            }
          },
          {
            "name": "token",
            "in": "header",
            "type": "string"
          }
        ],
        "responses": {
          "201": {
            "description": "Create payment"
          }
        }
      }
    }
  },
  "schemes": [
    "http",
    "https"
  ],
  "consumes": [
    "application/json"
  ]
}