{
	"info": {
		"_postman_id": "431c0636-8c4b-4f21-b6bb-6f4b11a94adf",
		"name": "bx_block_order_management",
		"description": "OrderManagement block API",
		"schema": "https://schema.getpostman.com/json/collection/v2.1.0/collection.json"
	},
	"item": [
		{
			"name": "order management",
			"item": [
				{
					"name": "addresses",
					"item": [
						{
							"name": "{id}",
							"item": [
								{
									"name": "Show addresses ",
									"request": {
										"method": "GET",
										"header": [
											{
												"key": "token",
												"value": "{{bx_blocks_api_token}}"
											}
										],
										"url": {
											"raw": "{{baseUrl}}/order_management/addresses/:id",
											"host": [
												"{{baseUrl}}"
											],
											"path": [
												"order_management",
												"addresses",
												":id"
											],
											"variable": [
												{
													"key": "id",
													"value": "-97735436",
													"description": "(Required) "
												}
											]
										}
									},
									"response": [
										{
											"name": "success",
											"originalRequest": {
												"method": "GET",
												"header": [
													{
														"key": "token",
														"value": "{{bx_blocks_api_token}}"
													}
												],
												"url": {
													"raw": "{{baseUrl}}/order_management/addresses/:id",
													"host": [
														"{{baseUrl}}"
													],
													"path": [
														"order_management",
														"addresses",
														":id"
													],
													"variable": [
														{
															"key": "id",
															"value": "-97735436",
															"description": "(Required) "
														}
													]
												}
											},
											"status": "OK",
											"code": 200,
											"_postman_previewlanguage": "text",
											"header": [
												{
													"key": "Content-Type",
													"value": "text/plain"
												}
											],
											"cookie": [],
											"body": ""
										}
									]
								},
								{
									"name": "Update addresses ",
									"request": {
										"method": "PUT",
										"header": [
											{
												"key": "token",
												"value": "{{bx_blocks_api_token}}"
											},
											{
												"key": "Content-Type",
												"value": "application/json"
											},
											{
												"key": "Accept",
												"value": "*/*"
											}
										],
										"body": {
											"mode": "raw",
											"raw": "{\n  \"address\": \"enim aliquip\"\n}",
											"options": {
												"raw": {
													"language": "json"
												}
											}
										},
										"url": {
											"raw": "{{baseUrl}}/order_management/addresses/:id",
											"host": [
												"{{baseUrl}}"
											],
											"path": [
												"order_management",
												"addresses",
												":id"
											],
											"variable": [
												{
													"key": "id",
													"value": "-97735436",
													"description": "(Required) "
												}
											]
										}
									},
									"response": [
										{
											"name": "success",
											"originalRequest": {
												"method": "PUT",
												"header": [
													{
														"key": "token",
														"value": "{{bx_blocks_api_token}}"
													}
												],
												"body": {
													"mode": "raw",
													"raw": "{\n  \"address\": \"enim aliquip\"\n}",
													"options": {
														"raw": {
															"language": "json"
														}
													}
												},
												"url": {
													"raw": "{{baseUrl}}/order_management/addresses/:id",
													"host": [
														"{{baseUrl}}"
													],
													"path": [
														"order_management",
														"addresses",
														":id"
													],
													"variable": [
														{
															"key": "id",
															"value": "-97735436",
															"description": "(Required) "
														}
													]
												}
											},
											"status": "OK",
											"code": 200,
											"_postman_previewlanguage": "text",
											"header": [
												{
													"key": "Content-Type",
													"value": "*/*"
												}
											],
											"cookie": [],
											"body": ""
										}
									]
								},
								{
									"name": "Delete a Address",
									"request": {
										"method": "DELETE",
										"header": [
											{
												"key": "token",
												"value": "{{bx_blocks_api_token}}"
											},
											{
												"key": "Accept",
												"value": "*/*"
											}
										],
										"url": {
											"raw": "{{baseUrl}}/order_management/addresses/:id",
											"host": [
												"{{baseUrl}}"
											],
											"path": [
												"order_management",
												"addresses",
												":id"
											],
											"variable": [
												{
													"key": "id",
													"value": "-97735436",
													"description": "(Required) "
												}
											]
										}
									},
									"response": [
										{
											"name": "success",
											"originalRequest": {
												"method": "DELETE",
												"header": [
													{
														"key": "token",
														"value": "{{bx_blocks_api_token}}"
													}
												],
												"url": {
													"raw": "{{baseUrl}}/order_management/addresses/:id",
													"host": [
														"{{baseUrl}}"
													],
													"path": [
														"order_management",
														"addresses",
														":id"
													],
													"variable": [
														{
															"key": "id",
															"value": "-97735436",
															"description": "(Required) "
														}
													]
												}
											},
											"status": "OK",
											"code": 200,
											"_postman_previewlanguage": "text",
											"header": [
												{
													"key": "Content-Type",
													"value": "*/*"
												}
											],
											"cookie": [],
											"body": ""
										}
									]
								}
							]
						},
						{
							"name": "Create Address ",
							"request": {
								"method": "POST",
								"header": [
									{
										"key": "token",
										"value": "{{bx_blocks_api_token}}"
									},
									{
										"key": "Content-Type",
										"value": "application/json"
									},
									{
										"key": "Accept",
										"value": "*/*"
									}
								],
								"body": {
									"mode": "raw",
									"raw": "null",
									"options": {
										"raw": {
											"language": "json"
										}
									}
								},
								"url": {
									"raw": "{{baseUrl}}/order_management/addresses/",
									"host": [
										"{{baseUrl}}"
									],
									"path": [
										"order_management",
										"addresses",
										""
									]
								}
							},
							"response": [
								{
									"name": "success",
									"originalRequest": {
										"method": "POST",
										"header": [
											{
												"key": "token",
												"value": "{{bx_blocks_api_token}}"
											}
										],
										"body": {
											"mode": "raw",
											"raw": "null",
											"options": {
												"raw": {
													"language": "json"
												}
											}
										},
										"url": {
											"raw": "{{baseUrl}}/order_management/addresses/",
											"host": [
												"{{baseUrl}}"
											],
											"path": [
												"order_management",
												"addresses",
												""
											]
										}
									},
									"status": "OK",
									"code": 200,
									"_postman_previewlanguage": "text",
									"header": [
										{
											"key": "Content-Type",
											"value": "*/*"
										}
									],
									"cookie": [],
									"body": ""
								},
								{
									"name": "unauthorized",
									"originalRequest": {
										"method": "POST",
										"header": [
											{
												"key": "token",
												"value": "{{bx_blocks_api_token}}"
											}
										],
										"body": {
											"mode": "raw",
											"raw": "null",
											"options": {
												"raw": {
													"language": "json"
												}
											}
										},
										"url": {
											"raw": "{{baseUrl}}/order_management/addresses/",
											"host": [
												"{{baseUrl}}"
											],
											"path": [
												"order_management",
												"addresses",
												""
											]
										}
									},
									"status": "Bad Request",
									"code": 400,
									"_postman_previewlanguage": "text",
									"header": [
										{
											"key": "Content-Type",
											"value": "text/plain"
										}
									],
									"cookie": [],
									"body": ""
								},
								{
									"name": "unauthorized",
									"originalRequest": {
										"method": "POST",
										"header": [
											{
												"key": "token",
												"value": "{{bx_blocks_api_token}}"
											}
										],
										"body": {
											"mode": "raw",
											"raw": "null",
											"options": {
												"raw": {
													"language": "json"
												}
											}
										},
										"url": {
											"raw": "{{baseUrl}}/order_management/addresses/",
											"host": [
												"{{baseUrl}}"
											],
											"path": [
												"order_management",
												"addresses",
												""
											]
										}
									},
									"status": "Unauthorized",
									"code": 401,
									"_postman_previewlanguage": "text",
									"header": [
										{
											"key": "Content-Type",
											"value": "text/plain"
										}
									],
									"cookie": [],
									"body": ""
								}
							]
						},
						{
							"name": "List of Addresses  ",
							"request": {
								"method": "GET",
								"header": [
									{
										"key": "token",
										"value": "{{bx_blocks_api_token}}"
									},
									{
										"key": "Accept",
										"value": "*/*"
									}
								],
								"url": {
									"raw": "{{baseUrl}}/order_management/addresses/",
									"host": [
										"{{baseUrl}}"
									],
									"path": [
										"order_management",
										"addresses",
										""
									]
								}
							},
							"response": [
								{
									"name": "success",
									"originalRequest": {
										"method": "GET",
										"header": [
											{
												"key": "token",
												"value": "{{bx_blocks_api_token}}"
											}
										],
										"url": {
											"raw": "{{baseUrl}}/order_management/addresses/",
											"host": [
												"{{baseUrl}}"
											],
											"path": [
												"order_management",
												"addresses",
												""
											]
										}
									},
									"status": "OK",
									"code": 200,
									"_postman_previewlanguage": "text",
									"header": [
										{
											"key": "Content-Type",
											"value": "*/*"
										}
									],
									"cookie": [],
									"body": ""
								}
							]
						}
					]
				},
				{
					"name": "orders",
					"item": [
						{
							"name": "{id}",
							"item": [
								{
									"name": "Show orderes ",
									"request": {
										"method": "GET",
										"header": [
											{
												"key": "token",
												"value": "{{bx_blocks_api_token}}"
											}
										],
										"url": {
											"raw": "{{baseUrl}}/order_management/orders/:id",
											"host": [
												"{{baseUrl}}"
											],
											"path": [
												"order_management",
												"orders",
												":id"
											],
											"variable": [
												{
													"key": "id",
													"value": "-97735436",
													"description": "(Required) "
												}
											]
										}
									},
									"response": [
										{
											"name": "success",
											"originalRequest": {
												"method": "GET",
												"header": [
													{
														"key": "token",
														"value": "{{bx_blocks_api_token}}"
													}
												],
												"url": {
													"raw": "{{baseUrl}}/order_management/orders/:id",
													"host": [
														"{{baseUrl}}"
													],
													"path": [
														"order_management",
														"orders",
														":id"
													],
													"variable": [
														{
															"key": "id",
															"value": "-97735436",
															"description": "(Required) "
														}
													]
												}
											},
											"status": "OK",
											"code": 200,
											"_postman_previewlanguage": "text",
											"header": [
												{
													"key": "Content-Type",
													"value": "text/plain"
												}
											],
											"cookie": [],
											"body": ""
										}
									]
								},
								{
									"name": "Delete a order",
									"request": {
										"method": "DELETE",
										"header": [
											{
												"key": "token",
												"value": "{{bx_blocks_api_token}}"
											},
											{
												"key": "Accept",
												"value": "*/*"
											}
										],
										"url": {
											"raw": "{{baseUrl}}/order_management/orders/:id",
											"host": [
												"{{baseUrl}}"
											],
											"path": [
												"order_management",
												"orders",
												":id"
											],
											"variable": [
												{
													"key": "id",
													"value": "-97735436",
													"description": "(Required) "
												}
											]
										}
									},
									"response": [
										{
											"name": "success",
											"originalRequest": {
												"method": "DELETE",
												"header": [
													{
														"key": "token",
														"value": "{{bx_blocks_api_token}}"
													}
												],
												"url": {
													"raw": "{{baseUrl}}/order_management/orders/:id",
													"host": [
														"{{baseUrl}}"
													],
													"path": [
														"order_management",
														"orders",
														":id"
													],
													"variable": [
														{
															"key": "id",
															"value": "-97735436",
															"description": "(Required) "
														}
													]
												}
											},
											"status": "OK",
											"code": 200,
											"_postman_previewlanguage": "text",
											"header": [
												{
													"key": "Content-Type",
													"value": "*/*"
												}
											],
											"cookie": [],
											"body": ""
										}
									]
								},
								{
									"name": "Cancel orderes ",
									"request": {
										"method": "PUT",
										"header": [
											{
												"key": "token",
												"value": "{{bx_blocks_api_token}}"
											},
											{
												"key": "Content-Type",
												"value": "application/json"
											},
											{
												"key": "Accept",
												"value": "*/*"
											}
										],
										"body": {
											"mode": "raw",
											"raw": "{\n  \"status\": \"consectetur ve\"\n}",
											"options": {
												"raw": {
													"language": "json"
												}
											}
										},
										"url": {
											"raw": "{{baseUrl}}/order_management/orders/:id/cancel_order",
											"host": [
												"{{baseUrl}}"
											],
											"path": [
												"order_management",
												"orders",
												":id",
												"cancel_order"
											],
											"variable": [
												{
													"key": "id",
													"value": "-97735436",
													"description": "(Required) "
												}
											]
										}
									},
									"response": [
										{
											"name": "success",
											"originalRequest": {
												"method": "PUT",
												"header": [
													{
														"key": "token",
														"value": "{{bx_blocks_api_token}}"
													}
												],
												"url": {
													"raw": "{{baseUrl}}/order_management/orders/:id/cancel_order",
													"host": [
														"{{baseUrl}}"
													],
													"path": [
														"order_management",
														"orders",
														":id",
														"cancel_order"
													],
													"variable": [
														{
															"key": "id",
															"value": "-97735436",
															"description": "(Required) "
														}
													]
												}
											},
											"status": "OK",
											"code": 200,
											"_postman_previewlanguage": "text",
											"header": [
												{
													"key": "Content-Type",
													"value": "*/*"
												}
											],
											"cookie": [],
											"body": ""
										}
									]
								},
								{
									"name": "Update ordere status ",
									"request": {
										"method": "PUT",
										"header": [
											{
												"key": "token",
												"value": "{{bx_blocks_api_token}}"
											},
											{
												"key": "Content-Type",
												"value": "application/json"
											},
											{
												"key": "Accept",
												"value": "*/*"
											}
										],
										"body": {
											"mode": "raw",
											"raw": "{\n  \"status\": \"consectetur ve\"\n}",
											"options": {
												"raw": {
													"language": "json"
												}
											}
										},
										"url": {
											"raw": "{{baseUrl}}/order_management/orders/:id/update_order_status",
											"host": [
												"{{baseUrl}}"
											],
											"path": [
												"order_management",
												"orders",
												":id",
												"update_order_status"
											],
											"variable": [
												{
													"key": "id",
													"value": "-97735436",
													"description": "(Required) "
												}
											]
										}
									},
									"response": [
										{
											"name": "success",
											"originalRequest": {
												"method": "PUT",
												"header": [
													{
														"key": "token",
														"value": "{{bx_blocks_api_token}}"
													}
												],
												"url": {
													"raw": "{{baseUrl}}/order_management/orders/:id/update_order_status",
													"host": [
														"{{baseUrl}}"
													],
													"path": [
														"order_management",
														"orders",
														":id",
														"update_order_status"
													],
													"variable": [
														{
															"key": "id",
															"value": "-97735436",
															"description": "(Required) "
														}
													]
												}
											},
											"status": "OK",
											"code": 200,
											"_postman_previewlanguage": "text",
											"header": [
												{
													"key": "Content-Type",
													"value": "*/*"
												}
											],
											"cookie": [],
											"body": ""
										}
									]
								}
							]
						},
						{
							"name": "List of orderes  ",
							"request": {
								"method": "GET",
								"header": [
									{
										"key": "token",
										"value": "{{bx_blocks_api_token}}"
									},
									{
										"key": "Accept",
										"value": "*/*"
									}
								],
								"url": {
									"raw": "{{baseUrl}}/order_management/orders/",
									"host": [
										"{{baseUrl}}"
									],
									"path": [
										"order_management",
										"orders",
										""
									]
								}
							},
							"response": [
								{
									"name": "success",
									"originalRequest": {
										"method": "GET",
										"header": [
											{
												"key": "token",
												"value": "{{bx_blocks_api_token}}"
											}
										],
										"url": {
											"raw": "{{baseUrl}}/order_management/orders/",
											"host": [
												"{{baseUrl}}"
											],
											"path": [
												"order_management",
												"orders",
												""
											]
										}
									},
									"status": "OK",
									"code": 200,
									"_postman_previewlanguage": "text",
									"header": [
										{
											"key": "Content-Type",
											"value": "*/*"
										}
									],
									"cookie": [],
									"body": ""
								}
							]
						}
					]
				}
			]
		}
	],
	"variable": [
		{
			"key": "baseUrl",
			"value": "/",
			"type": "string"
		}
	]
}