{
  "swagger": "2.0",
  "info": {
    "title": "bx_block_order_management",
    "version": "1.0.0",
    "description": "OrderManagement block API"
  },
  "host": "",
  "basePath": "/",
  "paths": {
    "/order_management/addresses/": {
      "post": {
        "summary": "Create Address ",
        "tags": [
          "Address"
        ],
        "parameters": [
          {
            "name": "token",
            "in": "header",
            "type": "string",
            "default": "{{bx_blocks_api_token}}"
          },
          {
            "name": "params",
            "in": "body",
            "schema": {
              "type": "object",
              "properties": {
                "name": {
                  "type": "string"
                },
                "flat_no": {
                  "type": "string"
                },
                "address": {
                  "type": "string"
                },
                "address_type": {
                  "type": "string"
                },
                "address_line_2": {
                  "type": "string"
                },
                "zip_code": {
                  "type": "string"
                },
                "phone_number": {
                  "type": "string"
                },
                "address_for": {
                  "type": "string"
                },
                "city": {
                  "type": "string"
                },
                "state": {
                  "type": "string"
                },
                "landmark": {
                  "type": "string"
                },
                "residential": {
                  "type": "boolean"
                },
                "is_default": {
                  "type": "boolean"
                },
                "deleted_at": {
                  "type": "datetime"
                },
                "longitude": {
                  "type": "float"
                },
                "latitude": {
                  "type": "float"
                }
              }
            }
          }
        ],
        "responses": {
          "200": {
            "description": "success",
            "schema": {
              "type": "object",
              "properties": {
                "data": {
                  "id": {
                    "type": "integer"
                  },
                  "type": {
                    "type": "string"
                  },
                  "attributes": {
                    "type": "object",
                    "properties": {
                      "id": {
                        "type": "integer"
                      },
                      "name": {
                        "type": "string"
                      },
                      "flat_no": {
                        "type": "string"
                      },
                      "address": {
                        "type": "string"
                      },
                      "address_type": {
                        "type": "string"
                      },
                      "address_line_2": {
                        "type": "string"
                      },
                      "zip_code": {
                        "type": "string"
                      },
                      "phone_number": {
                        "type": "string"
                      },
                      "address_for": {
                        "type": "string"
                      },
                      "city": {
                        "type": "string"
                      },
                      "state": {
                        "type": "string"
                      },
                      "landmark": {
                        "type": "string"
                      },
                      "residential": {
                        "type": "boolean"
                      },
                      "is_default": {
                        "type": "boolean"
                      },
                      "deleted_at": {
                        "type": "datetime"
                      },
                      "longitude": {
                        "type": "float"
                      },
                      "latitude": {
                        "type": "float"
                      },
                      "created_at": {
                        "type": "datetime"
                      },
                      "updated_at": {
                        "type": "datetime"
                      },
                      "account": {
                        "type": "object",
                        "properties": {
                          "activated": {
                            "type": "boolean"
                          },
                          "country_code": {
                            "type": "string"
                          },
                          "email": {
                            "type": "string"
                          },
                          "first_name": {
                            "type": "string"
                          },
                          "full_phone_number": {
                            "type": "string"
                          },
                          "last_name": {
                            "type": "string"
                          },
                          "phone_number": {
                            "type": "string"
                          },
                          "type": {
                            "type": "string"
                          },
                          "platform": {
                            "type": "string"
                          },
                          "user_type": {
                            "type": "string"
                          },
                          "status": {
                            "type": "string"
                          },
                          "suspend_until": {
                            "type": "string"
                          },
                          "user_name": {
                            "type": "string"
                          },
                          "created_at": {
                            "type": "date"
                          },
                          "updated_at": {
                            "type": "date"
                          },
                          "device_id": {
                            "type": "string"
                          },
                          "unique_auth_id": {
                            "type": "string"
                          }
                        }
                      }
                    }
                  }
                }
              }
            }
          },
          "400": {
            "description": "unauthorized"
          },
          "401": {
            "description": "unauthorized"
          }
        }
      },
      "get": {
        "summary": "List of Addresses  ",
        "tags": [
          "Addresses "
        ],
        "parameters": [
          {
            "name": "token",
            "in": "header",
            "type": "string",
            "default": "{{bx_blocks_api_token}}"
          }
        ],
        "responses": {
          "200": {
            "description": "success",
            "schema": {
              "type": "object",
              "properties": {
                "data": {
                  "id": {
                    "type": "integer"
                  },
                  "type": {
                    "type": "string"
                  },
                  "attributes": {
                    "type": "object",
                    "properties": {
                      "id": {
                        "type": "integer"
                      },
                      "name": {
                        "type": "string"
                      },
                      "flat_no": {
                        "type": "string"
                      },
                      "address": {
                        "type": "string"
                      },
                      "address_type": {
                        "type": "string"
                      },
                      "address_line_2": {
                        "type": "string"
                      },
                      "zip_code": {
                        "type": "string"
                      },
                      "phone_number": {
                        "type": "string"
                      },
                      "address_for": {
                        "type": "string"
                      },
                      "city": {
                        "type": "string"
                      },
                      "state": {
                        "type": "string"
                      },
                      "landmark": {
                        "type": "string"
                      },
                      "residential": {
                        "type": "boolean"
                      },
                      "is_default": {
                        "type": "boolean"
                      },
                      "deleted_at": {
                        "type": "datetime"
                      },
                      "longitude": {
                        "type": "float"
                      },
                      "latitude": {
                        "type": "float"
                      },
                      "created_at": {
                        "type": "datetime"
                      },
                      "updated_at": {
                        "type": "datetime"
                      },
                      "account": {
                        "type": "object",
                        "properties": {
                          "activated": {
                            "type": "boolean"
                          },
                          "country_code": {
                            "type": "string"
                          },
                          "email": {
                            "type": "string"
                          },
                          "first_name": {
                            "type": "string"
                          },
                          "full_phone_number": {
                            "type": "string"
                          },
                          "last_name": {
                            "type": "string"
                          },
                          "phone_number": {
                            "type": "string"
                          },
                          "type": {
                            "type": "string"
                          },
                          "platform": {
                            "type": "string"
                          },
                          "user_type": {
                            "type": "string"
                          },
                          "status": {
                            "type": "string"
                          },
                          "suspend_until": {
                            "type": "string"
                          },
                          "user_name": {
                            "type": "string"
                          },
                          "created_at": {
                            "type": "date"
                          },
                          "updated_at": {
                            "type": "date"
                          },
                          "device_id": {
                            "type": "string"
                          },
                          "unique_auth_id": {
                            "type": "string"
                          }
                        }
                      }
                    }
                  }
                }
              }
            }
          }
        }
      }
    },
    "/order_management/addresses/{id}": {
      "get": {
        "summary": "Show addresses ",
        "tags": [
          "addresses "
        ],
        "parameters": [
          {
            "name": "token",
            "in": "header",
            "type": "string",
            "default": "{{bx_blocks_api_token}}"
          },
          {
            "name": "id",
            "in": "path",
            "type": "integer",
            "required": true
          }
        ],
        "responses": {
          "200": {
            "description": "success"
          }
        }
      },
      "put": {
        "summary": "Update addresses ",
        "tags": [
          "addresses "
        ],
        "parameters": [
          {
            "name": "token",
            "in": "header",
            "type": "string",
            "default": "{{bx_blocks_api_token}}"
          },
          {
            "name": "id",
            "in": "path",
            "type": "integer",
            "required": true
          },
          {
            "name": "params",
            "in": "body",
            "schema": {
              "type": "object",
              "properties": {
                "address": {
                  "type": "string"
                }
              }
            }
          }
        ],
        "responses": {
          "200": {
            "description": "success",
            "schema": {
              "type": "object",
              "properties": {
                "data": {
                  "id": {
                    "type": "integer"
                  },
                  "type": {
                    "type": "string"
                  },
                  "attributes": {
                    "type": "object",
                    "properties": {
                      "id": {
                        "type": "integer"
                      },
                      "name": {
                        "type": "string"
                      },
                      "flat_no": {
                        "type": "string"
                      },
                      "address": {
                        "type": "string"
                      },
                      "address_type": {
                        "type": "string"
                      },
                      "address_line_2": {
                        "type": "string"
                      },
                      "zip_code": {
                        "type": "string"
                      },
                      "phone_number": {
                        "type": "string"
                      },
                      "address_for": {
                        "type": "string"
                      },
                      "city": {
                        "type": "string"
                      },
                      "state": {
                        "type": "string"
                      },
                      "landmark": {
                        "type": "string"
                      },
                      "residential": {
                        "type": "boolean"
                      },
                      "is_default": {
                        "type": "boolean"
                      },
                      "deleted_at": {
                        "type": "datetime"
                      },
                      "longitude": {
                        "type": "float"
                      },
                      "latitude": {
                        "type": "float"
                      },
                      "created_at": {
                        "type": "datetime"
                      },
                      "updated_at": {
                        "type": "datetime"
                      },
                      "account": {
                        "type": "object",
                        "properties": {
                          "activated": {
                            "type": "boolean"
                          },
                          "country_code": {
                            "type": "string"
                          },
                          "email": {
                            "type": "string"
                          },
                          "first_name": {
                            "type": "string"
                          },
                          "full_phone_number": {
                            "type": "string"
                          },
                          "last_name": {
                            "type": "string"
                          },
                          "phone_number": {
                            "type": "string"
                          },
                          "type": {
                            "type": "string"
                          },
                          "platform": {
                            "type": "string"
                          },
                          "user_type": {
                            "type": "string"
                          },
                          "status": {
                            "type": "string"
                          },
                          "suspend_until": {
                            "type": "string"
                          },
                          "user_name": {
                            "type": "string"
                          },
                          "created_at": {
                            "type": "date"
                          },
                          "updated_at": {
                            "type": "date"
                          },
                          "device_id": {
                            "type": "string"
                          },
                          "unique_auth_id": {
                            "type": "string"
                          }
                        }
                      }
                    }
                  }
                }
              }
            }
          }
        }
      },
      "delete": {
        "summary": "Delete a Address",
        "tags": [
          "Address "
        ],
        "parameters": [
          {
            "name": "token",
            "in": "header",
            "type": "string",
            "default": "{{bx_blocks_api_token}}"
          },
          {
            "name": "id",
            "in": "path",
            "type": "integer",
            "required": true
          }
        ],
        "responses": {
          "200": {
            "description": "success",
            "schema": {
              "type": "object",
              "properties": {
                "message": {
                  "type": "string"
                }
              }
            }
          }
        }
      }
    },
    "/order_management/orders/": {
      "get": {
        "summary": "List of orderes  ",
        "tags": [
          "orderes "
        ],
        "parameters": [
          {
            "name": "token",
            "in": "header",
            "type": "string",
            "default": "{{bx_blocks_api_token}}"
          }
        ],
        "responses": {
          "200": {
            "description": "success",
            "schema": {
              "type": "object",
              "properties": {
                "data": {
                  "id": {
                    "type": "integer"
                  },
                  "type": {
                    "type": "string"
                  },
                  "attributes": {
                    "type": "object",
                    "properties": {
                      "id": {
                        "type": "integer"
                      },
                      "order_number": {
                        "type": "string"
                      },
                      "amount": {
                        "type": "float"
                      },
                      "account_id": {
                        "type": "integer"
                      },
                      "coupon_code_id": {
                        "type": "integer"
                      },
                      "delivery_address_id": {
                        "type": "integer"
                      },
                      "sub_total": {
                        "type": "decimal"
                      },
                      "total": {
                        "type": "decimal"
                      },
                      "status": {
                        "type": "string"
                      },
                      "applied_discount": {
                        "type": "decimal"
                      },
                      "cancellation_reason": {
                        "type": "string"
                      },
                      "order_date": {
                        "type": "datetime"
                      },
                      "is_gift": {
                        "type": "boolean"
                      },
                      "source": {
                        "type": "string"
                      },
                      "shipment_id": {
                        "type": "string"
                      },
                      "delivery_charges": {
                        "type": "string"
                      },
                      "tracking_url": {
                        "type": "string"
                      },
                      "placed_at": {
                        "type": "datetime"
                      },
                      "confirmed_at": {
                        "type": "datetime"
                      },
                      "in_transit_at": {
                        "type": "datetime"
                      },
                      "delivered_at": {
                        "type": "datetime"
                      },
                      "cancelled_at": {
                        "type": "datetime"
                      },
                      "refunded_at": {
                        "type": "datetime"
                      },
                      "schedule_time": {
                        "type": "datetime"
                      },
                      "payment_failed_at": {
                        "type": "datetime"
                      },
                      "payment_pending_at": {
                        "type": "datetime"
                      },
                      "deliver_by": {
                        "type": "integer"
                      },
                      "shipping_total": {
                        "type": "decimal"
                      },
                      "shipping_net_amt": {
                        "type": "decimal"
                      },
                      "shipping_discount": {
                        "type": "decimal"
                      },
                      "shipping_charge": {
                        "type": "decimal"
                      },
                      "total_tax": {
                        "type": "float"
                      },
                      "tax_charges": {
                        "type": "decimal"
                      },
                      "is_group": {
                        "type": "boolean"
                      },
                      "order_status_id": {
                        "type": "integer"
                      },
                      "is_availability_checked": {
                        "type": "boolean"
                      },
                      "razorpay_order_id": {
                        "type": "string"
                      },
                      "created_at": {
                        "type": "datetime"
                      },
                      "updated_at": {
                        "type": "datetime"
                      },
                      "account": {
                        "type": "object",
                        "properties": {
                          "activated": {
                            "type": "boolean"
                          },
                          "country_code": {
                            "type": "string"
                          },
                          "email": {
                            "type": "string"
                          },
                          "first_name": {
                            "type": "string"
                          },
                          "full_phone_number": {
                            "type": "string"
                          },
                          "last_name": {
                            "type": "string"
                          },
                          "phone_number": {
                            "type": "string"
                          },
                          "type": {
                            "type": "string"
                          },
                          "platform": {
                            "type": "string"
                          },
                          "user_type": {
                            "type": "string"
                          },
                          "status": {
                            "type": "string"
                          },
                          "suspend_until": {
                            "type": "string"
                          },
                          "user_name": {
                            "type": "string"
                          },
                          "created_at": {
                            "type": "date"
                          },
                          "updated_at": {
                            "type": "date"
                          },
                          "device_id": {
                            "type": "string"
                          },
                          "unique_auth_id": {
                            "type": "string"
                          }
                        }
                      }
                    }
                  }
                }
              }
            }
          }
        }
      }
    },
    "/order_management/orders/{id}": {
      "get": {
        "summary": "Show orderes ",
        "tags": [
          "orderes "
        ],
        "parameters": [
          {
            "name": "token",
            "in": "header",
            "type": "string",
            "default": "{{bx_blocks_api_token}}"
          },
          {
            "name": "id",
            "in": "path",
            "type": "integer",
            "required": true
          }
        ],
        "responses": {
          "200": {
            "description": "success"
          }
        }
      },
      "delete": {
        "summary": "Delete a order",
        "tags": [
          "order "
        ],
        "parameters": [
          {
            "name": "token",
            "in": "header",
            "type": "string",
            "default": "{{bx_blocks_api_token}}"
          },
          {
            "name": "id",
            "in": "path",
            "type": "integer",
            "required": true
          }
        ],
        "responses": {
          "200": {
            "description": "success",
            "schema": {
              "type": "object",
              "properties": {
                "message": {
                  "type": "string"
                }
              }
            }
          }
        }
      }
    },
    "/order_management/orders/{id}/cancel_order": {
      "put": {
        "summary": "Cancel orderes ",
        "tags": [
          "orderes "
        ],
        "parameters": [
          {
            "name": "token",
            "in": "header",
            "type": "string",
            "default": "{{bx_blocks_api_token}}"
          },
          {
            "name": "id",
            "in": "path",
            "type": "integer",
            "required": true
          },
          {
            "name": "params",
            "in": "body",
            "schema": {
              "type": "object",
              "properties": {
                "status": {
                  "type": "string"
                }
              }
            }
          }
        ],
        "responses": {
          "200": {
            "description": "success",
            "schema": {
              "type": "object",
              "properties": {
                "data": {
                  "id": {
                    "type": "integer"
                  },
                  "type": {
                    "type": "string"
                  },
                  "attributes": {
                    "type": "object",
                    "properties": {
                      "id": {
                        "type": "integer"
                      },
                      "order_number": {
                        "type": "string"
                      },
                      "amount": {
                        "type": "float"
                      },
                      "account_id": {
                        "type": "integer"
                      },
                      "coupon_code_id": {
                        "type": "integer"
                      },
                      "delivery_address_id": {
                        "type": "integer"
                      },
                      "sub_total": {
                        "type": "decimal"
                      },
                      "total": {
                        "type": "decimal"
                      },
                      "status": {
                        "type": "string"
                      },
                      "applied_discount": {
                        "type": "decimal"
                      },
                      "cancellation_reason": {
                        "type": "string"
                      },
                      "order_date": {
                        "type": "datetime"
                      },
                      "is_gift": {
                        "type": "boolean"
                      },
                      "source": {
                        "type": "string"
                      },
                      "shipment_id": {
                        "type": "string"
                      },
                      "delivery_charges": {
                        "type": "string"
                      },
                      "tracking_url": {
                        "type": "string"
                      },
                      "placed_at": {
                        "type": "datetime"
                      },
                      "confirmed_at": {
                        "type": "datetime"
                      },
                      "in_transit_at": {
                        "type": "datetime"
                      },
                      "delivered_at": {
                        "type": "datetime"
                      },
                      "cancelled_at": {
                        "type": "datetime"
                      },
                      "refunded_at": {
                        "type": "datetime"
                      },
                      "schedule_time": {
                        "type": "datetime"
                      },
                      "payment_failed_at": {
                        "type": "datetime"
                      },
                      "payment_pending_at": {
                        "type": "datetime"
                      },
                      "deliver_by": {
                        "type": "integer"
                      },
                      "shipping_total": {
                        "type": "decimal"
                      },
                      "shipping_net_amt": {
                        "type": "decimal"
                      },
                      "shipping_discount": {
                        "type": "decimal"
                      },
                      "shipping_charge": {
                        "type": "decimal"
                      },
                      "total_tax": {
                        "type": "float"
                      },
                      "tax_charges": {
                        "type": "decimal"
                      },
                      "is_group": {
                        "type": "boolean"
                      },
                      "order_status_id": {
                        "type": "integer"
                      },
                      "is_availability_checked": {
                        "type": "boolean"
                      },
                      "razorpay_order_id": {
                        "type": "string"
                      },
                      "created_at": {
                        "type": "datetime"
                      },
                      "updated_at": {
                        "type": "datetime"
                      },
                      "account": {
                        "type": "object",
                        "properties": {
                          "activated": {
                            "type": "boolean"
                          },
                          "country_code": {
                            "type": "string"
                          },
                          "email": {
                            "type": "string"
                          },
                          "first_name": {
                            "type": "string"
                          },
                          "full_phone_number": {
                            "type": "string"
                          },
                          "last_name": {
                            "type": "string"
                          },
                          "phone_number": {
                            "type": "string"
                          },
                          "type": {
                            "type": "string"
                          },
                          "platform": {
                            "type": "string"
                          },
                          "user_type": {
                            "type": "string"
                          },
                          "status": {
                            "type": "string"
                          },
                          "suspend_until": {
                            "type": "string"
                          },
                          "user_name": {
                            "type": "string"
                          },
                          "created_at": {
                            "type": "date"
                          },
                          "updated_at": {
                            "type": "date"
                          },
                          "device_id": {
                            "type": "string"
                          },
                          "unique_auth_id": {
                            "type": "string"
                          }
                        }
                      }
                    }
                  }
                }
              }
            }
          }
        }
      }
    },
    "/order_management/orders/{id}/update_order_status": {
      "put": {
        "summary": "Update ordere status ",
        "tags": [
          "orderes "
        ],
        "parameters": [
          {
            "name": "token",
            "in": "header",
            "type": "string",
            "default": "{{bx_blocks_api_token}}"
          },
          {
            "name": "id",
            "in": "path",
            "type": "integer",
            "required": true
          },
          {
            "name": "params",
            "in": "body",
            "schema": {
              "type": "object",
              "properties": {
                "status": {
                  "type": "string"
                }
              }
            }
          }
        ],
        "responses": {
          "200": {
            "description": "success",
            "schema": {
              "type": "object",
              "properties": {
                "data": {
                  "id": {
                    "type": "integer"
                  },
                  "type": {
                    "type": "string"
                  },
                  "attributes": {
                    "type": "object",
                    "properties": {
                      "id": {
                        "type": "integer"
                      },
                      "order_number": {
                        "type": "string"
                      },
                      "amount": {
                        "type": "float"
                      },
                      "account_id": {
                        "type": "integer"
                      },
                      "coupon_code_id": {
                        "type": "integer"
                      },
                      "delivery_address_id": {
                        "type": "integer"
                      },
                      "sub_total": {
                        "type": "decimal"
                      },
                      "total": {
                        "type": "decimal"
                      },
                      "status": {
                        "type": "string"
                      },
                      "applied_discount": {
                        "type": "decimal"
                      },
                      "cancellation_reason": {
                        "type": "string"
                      },
                      "order_date": {
                        "type": "datetime"
                      },
                      "is_gift": {
                        "type": "boolean"
                      },
                      "source": {
                        "type": "string"
                      },
                      "shipment_id": {
                        "type": "string"
                      },
                      "delivery_charges": {
                        "type": "string"
                      },
                      "tracking_url": {
                        "type": "string"
                      },
                      "placed_at": {
                        "type": "datetime"
                      },
                      "confirmed_at": {
                        "type": "datetime"
                      },
                      "in_transit_at": {
                        "type": "datetime"
                      },
                      "delivered_at": {
                        "type": "datetime"
                      },
                      "cancelled_at": {
                        "type": "datetime"
                      },
                      "refunded_at": {
                        "type": "datetime"
                      },
                      "schedule_time": {
                        "type": "datetime"
                      },
                      "payment_failed_at": {
                        "type": "datetime"
                      },
                      "payment_pending_at": {
                        "type": "datetime"
                      },
                      "deliver_by": {
                        "type": "integer"
                      },
                      "shipping_total": {
                        "type": "decimal"
                      },
                      "shipping_net_amt": {
                        "type": "decimal"
                      },
                      "shipping_discount": {
                        "type": "decimal"
                      },
                      "shipping_charge": {
                        "type": "decimal"
                      },
                      "total_tax": {
                        "type": "float"
                      },
                      "tax_charges": {
                        "type": "decimal"
                      },
                      "is_group": {
                        "type": "boolean"
                      },
                      "order_status_id": {
                        "type": "integer"
                      },
                      "is_availability_checked": {
                        "type": "boolean"
                      },
                      "razorpay_order_id": {
                        "type": "string"
                      },
                      "created_at": {
                        "type": "datetime"
                      },
                      "updated_at": {
                        "type": "datetime"
                      },
                      "account": {
                        "type": "object",
                        "properties": {
                          "activated": {
                            "type": "boolean"
                          },
                          "country_code": {
                            "type": "string"
                          },
                          "email": {
                            "type": "string"
                          },
                          "first_name": {
                            "type": "string"
                          },
                          "full_phone_number": {
                            "type": "string"
                          },
                          "last_name": {
                            "type": "string"
                          },
                          "phone_number": {
                            "type": "string"
                          },
                          "type": {
                            "type": "string"
                          },
                          "platform": {
                            "type": "string"
                          },
                          "user_type": {
                            "type": "string"
                          },
                          "status": {
                            "type": "string"
                          },
                          "suspend_until": {
                            "type": "string"
                          },
                          "user_name": {
                            "type": "string"
                          },
                          "created_at": {
                            "type": "date"
                          },
                          "updated_at": {
                            "type": "date"
                          },
                          "device_id": {
                            "type": "string"
                          },
                          "unique_auth_id": {
                            "type": "string"
                          }
                        }
                      }
                    }
                  }
                }
              }
            }
          }
        }
      }
    }
  },
  "schemes": [
    "http",
    "https"
  ],
  "consumes": [
    "application/json"
  ]
}