{
	"info": {
		"_postman_id": "c46e765d-0390-451b-9768-b6a6384b6c05",
		"name": "bx_block_bulk_uploading",
		"description": "BulkUploading block API",
		"schema": "https://schema.getpostman.com/json/collection/v2.1.0/collection.json"
	},
	"item": [
		{
			"name": "bulk uploading/attachments",
			"item": [
				{
					"name": "Create Bulk Uploading",
					"request": {
						"method": "POST",
						"header": [
							{
								"key": "token",
								"value": "{{bx_blocks_api_token}}"
							},
							{
								"key": "Content-Type",
								"value": "application/json"
							},
							{
								"key": "Accept",
								"value": "*/*"
							}
						],
						"body": {
							"mode": "raw",
							"raw": "{\n  \"colour\": \"enim nisi\",\n  \"layout\": \"anim Excepteur in est\",\n  \"page_size\": \"reprehenderit ad nostrud quis\",\n  \"scale\": \"id in \",\n  \"print_sides\": \"anim reprehenderit in Excepteur\",\n  \"print_pages_from\": -67673206,\n  \"print_pages_to\": 20380160,\n  \"total_pages\": -78242454,\n  \"total_attachment_pages\": 85468769,\n  \"is_expired\": true,\n  \"pdf_url\": \"ut sunt enim\",\n  \"is_printed\": false,\n  \"account_id\": -96792247,\n  \"files\": \"sit deserunt eiusmod\"\n}",
							"options": {
								"raw": {
									"language": "json"
								}
							}
						},
						"url": {
							"raw": "{{baseUrl}}/bulk_uploading/attachments",
							"host": [
								"{{baseUrl}}"
							],
							"path": [
								"bulk_uploading",
								"attachments"
							]
						}
					},
					"response": [
						{
							"name": "success",
							"originalRequest": {
								"method": "POST",
								"header": [
									{
										"key": "token",
										"value": "{{bx_blocks_api_token}}"
									}
								],
								"body": {
									"mode": "raw",
									"raw": "{\n  \"colour\": \"enim nisi\",\n  \"layout\": \"anim Excepteur in est\",\n  \"page_size\": \"reprehenderit ad nostrud quis\",\n  \"scale\": \"id in \",\n  \"print_sides\": \"anim reprehenderit in Excepteur\",\n  \"print_pages_from\": -67673206,\n  \"print_pages_to\": 20380160,\n  \"total_pages\": -78242454,\n  \"total_attachment_pages\": 85468769,\n  \"is_expired\": true,\n  \"pdf_url\": \"ut sunt enim\",\n  \"is_printed\": false,\n  \"account_id\": -96792247,\n  \"files\": \"sit deserunt eiusmod\"\n}",
									"options": {
										"raw": {
											"language": "json"
										}
									}
								},
								"url": {
									"raw": "{{baseUrl}}/bulk_uploading/attachments",
									"host": [
										"{{baseUrl}}"
									],
									"path": [
										"bulk_uploading",
										"attachments"
									]
								}
							},
							"status": "Created",
							"code": 201,
							"_postman_previewlanguage": "text",
							"header": [
								{
									"key": "Content-Type",
									"value": "*/*"
								}
							],
							"cookie": [],
							"body": ""
						},
						{
							"name": "unauthorized",
							"originalRequest": {
								"method": "POST",
								"header": [
									{
										"key": "token",
										"value": "{{bx_blocks_api_token}}"
									}
								],
								"body": {
									"mode": "raw",
									"raw": "{\n  \"colour\": \"enim nisi\",\n  \"layout\": \"anim Excepteur in est\",\n  \"page_size\": \"reprehenderit ad nostrud quis\",\n  \"scale\": \"id in \",\n  \"print_sides\": \"anim reprehenderit in Excepteur\",\n  \"print_pages_from\": -67673206,\n  \"print_pages_to\": 20380160,\n  \"total_pages\": -78242454,\n  \"total_attachment_pages\": 85468769,\n  \"is_expired\": true,\n  \"pdf_url\": \"ut sunt enim\",\n  \"is_printed\": false,\n  \"account_id\": -96792247,\n  \"files\": \"sit deserunt eiusmod\"\n}",
									"options": {
										"raw": {
											"language": "json"
										}
									}
								},
								"url": {
									"raw": "{{baseUrl}}/bulk_uploading/attachments",
									"host": [
										"{{baseUrl}}"
									],
									"path": [
										"bulk_uploading",
										"attachments"
									]
								}
							},
							"status": "Bad Request",
							"code": 400,
							"_postman_previewlanguage": "text",
							"header": [
								{
									"key": "Content-Type",
									"value": "text/plain"
								}
							],
							"cookie": [],
							"body": ""
						},
						{
							"name": "unauthorized",
							"originalRequest": {
								"method": "POST",
								"header": [
									{
										"key": "token",
										"value": "{{bx_blocks_api_token}}"
									}
								],
								"body": {
									"mode": "raw",
									"raw": "{\n  \"colour\": \"enim nisi\",\n  \"layout\": \"anim Excepteur in est\",\n  \"page_size\": \"reprehenderit ad nostrud quis\",\n  \"scale\": \"id in \",\n  \"print_sides\": \"anim reprehenderit in Excepteur\",\n  \"print_pages_from\": -67673206,\n  \"print_pages_to\": 20380160,\n  \"total_pages\": -78242454,\n  \"total_attachment_pages\": 85468769,\n  \"is_expired\": true,\n  \"pdf_url\": \"ut sunt enim\",\n  \"is_printed\": false,\n  \"account_id\": -96792247,\n  \"files\": \"sit deserunt eiusmod\"\n}",
									"options": {
										"raw": {
											"language": "json"
										}
									}
								},
								"url": {
									"raw": "{{baseUrl}}/bulk_uploading/attachments",
									"host": [
										"{{baseUrl}}"
									],
									"path": [
										"bulk_uploading",
										"attachments"
									]
								}
							},
							"status": "Unauthorized",
							"code": 401,
							"_postman_previewlanguage": "text",
							"header": [
								{
									"key": "Content-Type",
									"value": "text/plain"
								}
							],
							"cookie": [],
							"body": ""
						}
					]
				},
				{
					"name": "Delete a Bulkuploading",
					"request": {
						"method": "DELETE",
						"header": [
							{
								"key": "token",
								"value": "{{bx_blocks_api_token}}"
							},
							{
								"key": "Accept",
								"value": "*/*"
							}
						],
						"url": {
							"raw": "{{baseUrl}}/bulk_uploading/attachments/:id",
							"host": [
								"{{baseUrl}}"
							],
							"path": [
								"bulk_uploading",
								"attachments",
								":id"
							],
							"variable": [
								{
									"key": "id",
									"value": "96498206",
									"description": "(Required) "
								}
							]
						}
					},
					"response": [
						{
							"name": "success",
							"originalRequest": {
								"method": "DELETE",
								"header": [
									{
										"key": "token",
										"value": "{{bx_blocks_api_token}}"
									}
								],
								"url": {
									"raw": "{{baseUrl}}/bulk_uploading/attachments/:id",
									"host": [
										"{{baseUrl}}"
									],
									"path": [
										"bulk_uploading",
										"attachments",
										":id"
									],
									"variable": [
										{
											"key": "id",
											"value": "96498206",
											"description": "(Required) "
										}
									]
								}
							},
							"status": "OK",
							"code": 200,
							"_postman_previewlanguage": "text",
							"header": [
								{
									"key": "Content-Type",
									"value": "*/*"
								}
							],
							"cookie": [],
							"body": ""
						}
					]
				}
			]
		}
	],
	"variable": [
		{
			"key": "baseUrl",
			"value": "/",
			"type": "string"
		}
	]
}