{
  "swagger": "2.0",
  "info": {
    "title": "bx_block_bulk_uploading",
    "version": "1.0.0",
    "description": "BulkUploading block API"
  },
  "host": "",
  "basePath": "/",
  "paths": {
    "/bulk_uploading/attachments/{id}": {
      "delete": {
        "summary": "Delete a Bulkuploading",
        "tags": [
          " Bulkuploading"
        ],
        "parameters": [
          {
            "name": "token",
            "in": "header",
            "type": "string",
            "default": "{{bx_blocks_api_token}}"
          },
          {
            "name": "id",
            "in": "path",
            "type": "integer",
            "required": true
          }
        ],
        "responses": {
          "200": {
            "description": "success",
            "schema": {
              "type": "object",
              "properties": {
                "message": {
                  "type": "string"
                }
              }
            }
          }
        }
      }
    },
    "/bulk_uploading/attachments": {
      "post": {
        "summary": "Create Bulk Uploading",
        "tags": [
          "Bulk Uploading"
        ],
        "parameters": [
          {
            "name": "token",
            "in": "header",
            "type": "string",
            "default": "{{bx_blocks_api_token}}"
          },
          {
            "name": "params",
            "in": "body",
            "schema": {
              "type": "object",
              "properties": {
                "colour": {
                  "type": "string"
                },
                "layout": {
                  "type": "string"
                },
                "page_size": {
                  "type": "string"
                },
                "scale": {
                  "type": "string"
                },
                "print_sides": {
                  "type": "string"
                },
                "print_pages_from": {
                  "type": "integer"
                },
                "print_pages_to": {
                  "type": "integer"
                },
                "total_pages": {
                  "type": "integer"
                },
                "total_attachment_pages": {
                  "type": "integer"
                },
                "is_expired": {
                  "type": "boolean"
                },
                "pdf_url": {
                  "type": "string"
                },
                "is_printed": {
                  "type": "boolean"
                },
                "account_id": {
                  "type": "integer"
                },
                "files": {
                  "type": "file"
                }
              }
            }
          }
        ],
        "responses": {
          "201": {
            "description": "success",
            "schema": {
              "type": "object",
              "properties": {
                "data": {
                  "type": "object",
                  "properties": {
                    "id": {
                      "type": "integer"
                    },
                    "type": {
                      "type": "string"
                    },
                    "attributes": {
                      "account_id": {
                        "type": "integer"
                      },
                      "created_at": {
                        "type": "date"
                      },
                      "updated_at": {
                        "type": "date"
                      },
                      "image": {
                        "type": "file"
                      }
                    }
                  }
                }
              }
            }
          },
          "400": {
            "description": "unauthorized"
          },
          "401": {
            "description": "unauthorized"
          }
        }
      }
    }
  },
  "schemes": [
    "http",
    "https"
  ],
  "consumes": [
    "application/json"
  ]
}